Alexandra Elizabeth Helene Slade <alexandra.slade@yale.edu>
Yousef Sawires <ysawires@uwaterloo.ca>
Ankit Sablok <ankitsab@buffalo.edu>
Tasti Zakarie <tasti.zakarie@gmail.com>
Ben Alderfer <balderfe@purdue.edu>
Priya Mittal <pmittal3@illinois.edu>
Anshul Kumar Gupta <akg2155@columbia.edu>
Holly Paige Sherburne <holly.sherburne@bba11.mccombs.utexas.edu>
Wei Qian <www.fam1.com@gmail.com>
Burak Sezer <bsqhs12@gmail.com>
Ari Kalfus <akalfus@brandeis.edu>
Juan Fernando Suazo Rivera <juanfersuazo@gmail.com>
Raul Eduardo Jordan Paz <rauljordan@college.harvard.edu>
Ramakrishnan Menon <rsmenon@berkeley.edu>
Luke D. Metro <lukemetro@cmu.edu>
Meiri Anto <meiri.anto@gmail.com>
Krishnabh Medhi <kmedhi@purdue.edu>
Timotius Sitorus <timsitorus1@gmail.com>
Sharjeel Aziz <sharjjeel@gmail.com>
Sunny Nahar <sunnyn@cmu.edu>
Ananya Kumar <ananyak@andrew.cmu.edu>
Brian Ho <brianho@cmu.edu>
Peijin Zhang <peijin@cmu.edu>
Cumhur Korkut <ckorkut@wesleyan.edu>
Maksim Trifunovski <mtrifunovski@wesleyan.edu>
Tyler David Albright Harden <tharden@wesleyan.edu>
Joseph Pereira <j5pereir@uwaterloo.ca>
Victor Long Jiao <VjiaoBlack@gmail.com>
William Ames LeFevre Field-Thompson <will.a.ft@gmail.com>
Akshat Khajuria <khajuri2@illinois.edu>
Ishaan Kansal <ikansal2@illinois.edu>
Agrim Bansal <b.agrim123@gmail.com>
Sy Adamowsky <syadamowsky@gmail.com>
Garland Chen <garland106c@gmail.com>
Julia Yi Min Chen <cjulia26@gmail.com>
Christopher Henry O\'Brien <chsobrien@gmail.com>
Akash Motani <amotani@utexas.edu>
Sohail Shaikh <sshaikh@utexas.edu>
Jonah Kirby <jwkirby@smu.edu>
Reed Weichler <rmweichler@ucdavis.edu>
Robert Maciej Pieta <rpieta2@illinois.edu>
Brendan Ryan <ryan.brendanjohn@gmail.com>
Gurkirat Singh <tablags100@gmail.com>
Jonah Milton Kallenbach <kallenbach@college.harvard.edu>
Matthew O\'Shea <m4ttmo@gmail.com>
Neal Patel <neal@ineal.me>
Vishal Disawar <disawar2@illinois.edu>
Andrew Edward Mendez <mendeza@mit.edu>
Robert Rudolph <rrudolph@cmu.edu>
James Ruben <jruben@college.harvard.edu>
Lindsey Walton Young <lyoung9@murraystate.edu>
Krishnan Srinivasan <krishnan.srinivasan@yale.edu>
Alexander Mitchell <amitch@brandeis.edu>
Vincent Lugli <vince.lugli@gmail.com>
Andrew Huang <andrewh.huang@mail.utoronto.ca>
David Mace <dmace@caltech.edu>
Arshaan Bhimani <arshaan.bhimani@hotmail.com>
Wendy Vasquez <wndvsq2@gmail.com>
Theodore Cross Cleveland <tcclevela@gmail.com>
Christian Tuchez <ctuchez@gmail.com>
Kaili An <4ever.kellyan@gmail.com>
Zhiyuan Lin <zlin48@gatech.edu>
David Zafrani <d.zafrani21@gmail.com>
Jonathon Cai <jonathon.cai@yale.edu>
Alfred Ababio <ababio.a@husky.neu.edu>
Jonathan Rong Li <jli101095@gmail.com>
Dinesh Dommaraju <drd8394@rit.edu>
Jonathan Osacky <osacky2@uiuc.edu>
John Louis Tiano <jak33@mac.com>
Mario Suave <phssoccerskills@gmail.com>
Maxim Isakov <maxim.isakov@mail.utoronto.ca>
Anis Kallel <akallel@u.rochester.edu>
Giles Lavelle <giles.lavelle@gmail.com>
Nigil Lee <nigil.lee@gmail.com>
Erik Addison Bartlett <eabartlett@berkeley.edu>
Thomas Schaffner <schaffti1@gmail.com>
Nicholas McKenna <nicholas_mckenna@brown.edu>
Derek Meer <meerd@rpi.edu>
Joe Fletcher <joevt@vt.edu>
Rohan Jadvani <rj1030@gmail.com>
Elizabeth Mintao Yan <emy@andrew.cmu.edu>
Thong Nguyen Vuu <thong.vuu@oriel.ox.ac.uk>
Seung Jo Yoo <stephenyoo1995@gmail.com>
Roy Jackman <jackman.roy@gmail.com>
Monica Alexandra Yupa <myupa@stanford.edu>
Reynis Vazquez-Guzman <reynis@stanford.edu>
Pedro Pablo Garzon <pgarzon@stanford.edu>
Franco Mauri <bad_monkey1992@hotmail.com>
Bozan Xu <bozan.xu@mail.mcgill.ca>
Han Yang Zhao <bobthesheep22@gmail.com>
Yahya Azami <yahya.azami@mail.mcgill.ca>
Aaron DeVera <adevera@fordham.edu>
Kenneth Durkin <kdurkin6@fordham.edu>
Mohammad Tausif Hasan <mhasan3@fordham.edu>
Thomas Teisberg <teisberg@stanford.edu>
Sylvan Zheng <sylvan.zheng@yale.edu>
Kendell Byrd <kbyrd1@swarthmore.edu>
Conrad Henry Appe <conrad.h.appel.iv@gmail.com>
Wyatt Mackey <wmackey@college.harvard.edu>
Luya Wang <luyaw@princeton.edu>
Karl Thomas Otness <karl@karlotness.com>
Harsh Singh <hsingh23@uiuc.edu>
Shaohui Xu <shaohuixu13@gatech.edu>
Yiqi Chen <yiqic1993@gmail.com>
Fan Chen <cffls@hotmail.com>
Joseph Nguyen Quoc Le <josephle@me.com>
Thomas Meagher <thom.meagher@gmail.com>
Edward Clem Williams <Edward_c_williams@brown.edu>
Benjamin Craig Bartlett <benjamincbartlett@gmail.com>
Abrar Khan <abrar.khan.1@uwaterloo.ca>
Jason Krasnits <jason.krasnits@rutgers.edu>
Chi-Cheung Cheung <bk201@vt.edu>
Eden Shoshan <eshoshan@brandeis.edu>
Jack Valinsky <jvalinsk@u.rochester.edu>
Wajahat Siddiqui <waj26@umd.edu>
Simon Paul Lantinga <slantinga95@gmail.com>
Sharn Syal <ss2623@cornell.edu>
hitesh kumar saini <hs@hiteshs.netai.net>
Raul Ernesto Monraz Echeverria <raul.monraz@yale.edu>
Yondon Fu <yondon.fu.17@dartmouth.edu>
pierre Thodoroff <pierre.thodoroff@mail.mcgill.ca>
Samuel Wu <samuel.wu.u1@gmail.com>
Adwaita Anil Dani <aadani2@illinois.edu>
Yuan David Deng <yuan_david_deng@brown.edu>
Paul Dilyard <pdilyard@kent.edu>
Francis Gravel St-Pierre <gspfranc@gmail.com>
Lawrence Yuan <lawrencey99@gmail.com>
Ruben Martinez Jr. <Rmartin@bowdoin.edu>
Matthew Choi <digdug991@gmail.com>
Buruc Asrin <b_asrin@hotmail.com>
Tyler Argo <argo_49@hotmail.com>
Gary Lin <gml2153@columbia.edu>
Michael Zhang <zhangmichael@berkeley.edu>
Richard Rei-Chi Xu <richardxu@berkeley.edu>
Aahlad Gogineni <aahlad.gogineni@tufts.edu>
Theodor Ciausu <theodor.tvc@gmail.com>
Brian Chuk <devchuk@gmail.com>
Aaron Smith <aaron.h.smith@vanderbilt.edu>
Carl Block <Cblock94@hotmail.com>
Daniel Roberts <d3robert@ucsd.edu>
Victoria Lang <valang@ucsd.edu>
Benjamin Chou <b_chou@u.pacific.edu>
Ghulam Umar <ghulam.umar@mail.utoronto.ca>
Shana Sultana Azria <shanaazria@gmail.com>
Emma Brooks <ekbrooks@smith.edu>
Michael Anthony Mena <Michael.a.mena@gmail.com>
Yuezhou Gao <georgegao96@hotmail.com>
Vivek Kumar Sah <vksah@colby.edu>
Nikolaus Winget Yasui <nikolaus.yasui@mail.mcgill.ca>
Michael Griese <mlgriese@wisc.edu>
Zhouwen Sun <robsun@stanford.edu>
Seong Wook Kim <jack7kim@stanford.edu>
Srikar Varadaraj <sv2423@columbia.edu>
Nicolas Husser <nicolas.husser@free.fr>
Gabriel Gheorghian <gabriel.gheorghian@gmail.com>
George Valergas <gvalergas@gmail.com>
Oluwatosin Afolabi <tosman9000@yahoo.com>
Angelica Chen <ac17@princeton.edu>
Ali Eskandari <alie@umd.edu>
Ghedalia Gold-Pastor <ghedalia1@gmail.com>
Hailee Hettrick <heh54@cornell.edu>
Braedon Salz <brady.salz@gmail.com>
Jesse Hunter Tipton <Tiptonjesse@gmail.com>
Megan Chen <meganchen1996@gmail.com>
Jazmine Olinger <olingj@rpi.edu>
Sebastian Sarbora <sarbos@rpi.edu>
Jacob martin <jmart.alb@gmail.com>
Viraj Bhalala <virajbhalala@gmail.com>
Samer Assaf <sam.assaf@live.ca>
David Turner <david.andrew.turner@gmail.com>
Miquel Llobet Sánchez <mllobet.cm@gmail.com>
Daniel Martí <mvdan@mvdan.cc>
Alexander Kenji Hata <kenjihata@stanford.edu>
Albert Tan Young <ayoung01@college.harvard.edu>
Keegan Go <keegan.g@gmail.com>
Nishanth Shanmugham <nishanths@utexas.edu>
Rafi Siddik Rashid <rafi.rashid@utexas.edu>
Sean Andrew Lanham <SA_Lanham@utexas.edu>
Hansen Qian <Hansenq@gmail.com>
Benjamin Graham <grahamb@bu.edu>
Junichi Lan Koganemaru <jk3967@nyu.edu>
Jason Lei <jl3825@columbia.edu>
Marsha Ghose <Marshaghose@gmail.com>
Lily Yuan <lily.yuan@stonybrook.edu>
Luis Miguel Cotrina-Malca <mcotrina@umd.edu>
Matthew Roknich <Matthew@roknich.com>
Robert Nguyen <roberttn@ucla.edu>
Sharoon Srivastava <srivas15@purdue.edu>
Mark Barrasso <mark.barrasso@live.com>
Brian Lutz <blutz7@kent.edu>
Matthew Paul Bender <matthewbender77@gmail.com>
Eduardo Zapata <eduardo.zapata@utexas.edu>
Joshua Michael Slocum <jmslocum16@yahoo.com>
Christina Wang <cremepuffles@gmail.com>
Cody Freitag <cody@RDFriday.com>
Mario andres muñoz kessler <mariomk@utexas.edu>
Jathu Satkunarajah <jathu.satkunarajah@gmail.com>
Navjot Dhillon <navjot.dznr@gmail.com>
HENRY R. LANEY <hlaney17@amherst.edu>
Thais Cavalcanti Correia <tcorreia16@amherst.edu>
Pablo Luis Hernandez <pabloh2@stanford.edu>
John Edward Mayo <jmayo023@fiu.edu>
Michael Freyberger <mdf3@princeton.edu>
Evyatar Ben-Asher <ben-asher.2@osu.edu>
Ryan David Niemocienski <Niemocienski.1@osu.edu>
Alexander Peter Freska <alex.freska@gmail.com>
Lixing Thomas Yang <yangl8@rpi.edu>
MINHAZ MAHMUD <minhaz1@umbc.edu>
George Allison <allisg1@umbc.edu>
Michael Bishoff <bishoff1@umbc.edu>
Kiante Brantley <Kiante.brantley@umbc.edu>
Gareth Chen <gareth_chen@brown.edu>
Ana-Maria Constantin <aconstantin@college.harvard.edu>
Mohammed  Kumail Jaffer <kumail@cmu.edu>
Edward Lu <ejlu@princeton.edu>
Colin McDaniel King <colin.king.96@gmail.com>
Myung Heon Chun <ray_chun96@hotmail.com>
Kelly Yu <kly24@cornell.edu>
Brian KIm <byk.briankim@Gmail.com>
Nicolas González-Londono <ngonzalez2@berklee.edu>
Evelyn Ding <eding@princeton.edu>
Theresa Barton <tbarton16@gmail.com>
Adele Chui <dawn_light123@hotmail.com>
Lamia Ateshian <lamia.ateshian@gmail.com>
Gabriel Luong <gabriel.luong@mail.utoronto.ca>
Peter Ku <peterku@college.harvard.edu>
Hayden W McAfee <hmcafee@purdue.edu>
Jonathan Haujiun Kau <jkau15@gmail.com>
Saul Fuhrmann <frmsaul@gmail.com>
Paul M Klauser <paul.klauser@gmail.com>
YIRAN TAO <taoyiran@bu.edu>
Ishan Saksena <ishansaksena@gmail.com>
Anthony Steven Geranio <anthonysgeranio@gmail.com>
Jason Cookman <jcookman@terpmail.umd.edu>
Sung Yun Chung  <sung_yun_chung@brown.edu>
James Choi <james.choi@mail.utoronto.ca>
Tiffany Ang <tang@wellesley.edu>
Dominic DeSimio <dominic.desimio@gmail.com>
Momin Javed <mjaved@conncoll.edu>
Spencer Alexander Kaiser <skaiser@smu.edu>
Shariq Shahab Hashme <shashme@umd.edu>
Sahil Gupta <sahil.gupta@yale.edu>
Matthew Schwartz <matts310@terpmail.umd.edu>
Harrison Liddiard <omniaura5@gmail.com>
Philip Maxwell Esterman <phil.esterman@yale.edu>
Ping Inay Hu <ping_hu@brown.edu>
Joshua James Hannah <joshua.hannah@univ.ox.ac.uk>
Lukas Köbis <lukaskoebis@gmail.com>
Ayush Vijaywargi <ayushnvijay@gmail.com>
Sean Crenshaw <seanpc9@vt.edu>
Yael Barsheshet <yaelbarsheshet7@gmail.com>
Amir Jakoby <amir.jakoby@wustl.edu>
Guy Leibovici <guyleibo7@gmail.com>
Patricio Ricaud Cavazos <patricio_ricaud@brown.edu>
Elijah Carrel <elijah_carrel@brown.edu>
Laura Shea <laura_shea@me.com>
Brandon Le <Brandon_Le@brown.edu>
Mikey Salazar <m@mikeysalazar.com>
Prakriti Gupta <p7gupta@ucsd.edu>
Jason Jiashang Chen <jjc053@ucsd.edu>
Aaron Samuel Mays <asmays@live.unc.edu>
Morgan James Howell <morgan.howell95@gmail.com>
Mikhail Klimentov <mdk2146@columbia.edu>
Catherine Humpleman <chumplem@ucsd.edu>
Sushil Patel <sp1395@gmail.com>
Umar Chaudhary <chaudharyumar2@gmail.com>
Henry Truong <hetruong@ucsd.edu>
Joseph Loser <jrlmwc@mail.missouri.edu>
Jatin Mukesh Malhotra <jatin1malhotra@gmail.com>
Dweep Shah <dweepcan1@msn.com>
Christopher Laverdiere <cmlaverdiere@gmail.com>
Daphnne Chacon  <daphnne.chacon@mail.mcgill.ca>
Vasily Rassokhin <vasily.rassokhin@mail.mcgill.ca>
Justin Evan Kung <jkung1995@GMAIL.com>
Nishant Jain <najain@gmail.com>
Andrew Shekhar Breckenridge <asbreckenridge@me.com>
Cristian Frincu <frincuc@mcmaster.ca>
Dylan Shields <Shielddt@email.sc.edu>
Max David <davmax04@evergreen.edu>
Alexander Rookey <atrookey@buffalo.edu>
Oreoluwa Onatemowo <oreoluwa.onatemowo@bison.howard.edu>
Justin Rivera <Jarivera.1295@gmail.com>
Jarrett Danning Gustovich <jgusto54@gmail.com>
Tihomir Elek <tihomir.elek@yale.edu>
Jessica S Liang <jessica_liang@brown.edu>
ANSON LIU <anson@apparentetch.com>
Carlos Salamanca <csalamanca100@tamu.edu>
Sara Hartse <sara_hartse@brown.edu>
Pete Huang <petehuang2015@u.northwestern.edu>
Nevil George <nevilgeorge2016@u.northwestern.edu>
Ramy Fawaz <rffawaz@umich.edu>
William James Kacsur <wkacsur@umich.edu>
Andrew Fang <Andrewbrianfang@gmail.com>
Anthony Sutardja <anthony.sutardja@gmail.com>
Riyaz Faizullabhoy <riyazdf@berkeley.edu>
Raj Prateek Kosaraju <rajprateek@gatech.edu>
Tanay Ponkshe <Tponkshe@gatech.edu>
Matthew J Leon <Z1700280@students.niu.edu>
Miranda Li <mjl2206@columbia.edu>
Mengdi Lin <mengdilin95@gmail.com>
Jeffrey Peter Lai <jeffrey.lai@yale.edu>
Conor Gerhard Wuertz <Conor_wuertz@brown.edu>
George Wu <georgewu@college.harvard.edu>
Kabir Singh Brar <kabirbrar1@gmail.com>
Mark Prokoudine <mark.prokoudine@gmail.com>
Fengning Ding <fding@college.harvard.edu>
Xiaofan Li <lixf@cmu.edu>
Kevin Ku <kku@andrew.cmu.edu>
Stephen Choi <sschoi@andrew.cmu.edu>
Samuel George Eisenhandler <sgeisenh@andrew.cmu.edu>
Umar-Robert Qattan <umarqattan@ucla.edu>
Sashank Thupukari <sthupukari@gmail.com>
Xing Hui Lu <luxh93@gmail.com>
Hong Ju Jeon <hjj24@cornell.edu>
Jeffrey Terry <jterry94@gmail.com>
Jennifer Lam <jl3953@columbia.edu>
Yanrong Wo <yw2513@columbia.edu>
Joshua Chagai Levin <Levin.jo@husky.neu.edu>
Michael Lester Chiang <mlchiang@princeton.edu>
Nicole Flokos <flokosn1@owls.southernct.edu>
Iheanyi Ekechukwu <iekechukwu@gmail.com>
Weishin Chen <weishinchen@gmail.com>
Michael Wai Yin Ip <ip.w.michael@gmail.com>
Parth Kejriwal <pkejriwal@wisc.edu>
MIN SUK OH <steve.ohmn@gmail.com>
WonJae Lee <tmvlsh@naver.com>
Hilal habashi <Habashi2@illinois.edu>
Courtney Tambling <tamblc@rpi.edu>
Hangrui Shi <henrythe9th@gmail.com>
Pablo Alejandro Arias <parias@aggies.ncat.edu>
Oreoluwatomiwa Babarinsa <obabarinsa@college.harvard.edu>
Amos Kyler <aokyler@asu.edu>
Eunji Kim <ctkim@brandeis.edu>
Sukwan Lee <sukwan.lee@mail.mcgill.ca>
Clive Mudanda <cmm85@duke.edu>
Sinan Pehlivanoglu <sinanspd@gmail.com>
Benjamin Du <bendu@uw.edu>
Dan Monga Kilanga <dankilanga@gmail.com>
Leon Ang Li <la2li@uwaterloo.ca>
Jeremy Cai <jjeremycai@gmail.com>
Ian Pudney <ipudney@umich.edu>
Jiaxiu Zhong <jiaxiu_zhong@brown.edu>
Sadhana Yerravally <sadzzrocks@gmail.com>
Ethan Chow <ethancchow@gmail.com>
Andrew James Spano <andrew.spano1@marist.edu>
James Ding <jding5@emory.edu>
Yuan Wang <yuanw@princeton.edu>
Sakibul Alam <alamsakib@gmail.com>
Tomas Reimers <tomasreimers@gmail.com>
Xinran Wei <xinranmsn@gmail.com>
David John DeSimone Jr. <djd231@scarletmail.rutgers.edu>
Joshua D Preuss <josh@enjoysailing.us>
Manvi Goyal <mgoyal8@gmail.com>
William Falcon <Waf2107@columbia.edu>
Ilse Haim <ihaim@terpmail.umd.edu>
David Moses Lee <davmlee@umich.edu>
Kyle Joseph Albany <kja56@cornell.edu>
Alex Xiao <axiao@andrew.cmu.edu>
Gordon Hing-Yun Tang <gordontang236@gmail.com>
Zubin Pahuja <zpahuja2@illinois.edu>
Adil Virani <adisv9997@gmail.com>
Jason Patrick Badua <jbadua@ucla.edu>
Jesus Cheng Pan <jesus.cheng@gmail.com>
Sarthi Andley <sarthi@terpmail.umd.edu>
Chris Zeoli <Giantsfan376@gmail.com>
Christopher Chang <Chris_chang3@hotmail.com>
Deepak Sharma <deepak.sharma@mail.mcgill.ca>
Christopher Jones <Chris@Wunderkind.us>
Matthew Allen <mallen40@kent.edu>
Derek Ngo <derek.ngo2@gmail.com>
Zhengqi Yang <zyang36@illinois.edu>
Yibo Guo <yiboguo2@illinois.edu>
Jake Zimmerman <jezimmer@andrew.cmu.edu>
Oscar Bezi <bezi@cmu.edu>
Sinan Cepel <scepel@andrew.cmu.edu>
Mickeyas Alemayehu <mickeya@umd.edu>
Shrikesh Tanna <stanna@umd.edu>
Geoffrey Ji <geoffreyji@gmail.com>
Hayden Lee <hjl33@vt.edu>
Michael Scaria <michaelscaria@yahoo.com>
Payal Modi <payal.modi@yale.edu>
Anwesha Naskar <anaskar@umd.edu>
Slade Engle <engle.slade@gmail.com>
Anirudh Joshi <ajoshi80@gatech.edu>
Alexander Chao <alexchao56@gmail.com>
Brit\'ne Sissom <britnesissom@gmail.com>
Dominic Charley-Roy <dominic.charley-roy@mail.mcgill.ca>
ANGAD SINGH <angad2102@gmail.com>
Forest Darling <fdarling@umich.edu>
River Coash <charisma.rc@gmail.com>
Joseph Michael Duncko <dotmaners@gmail.com>
Andrew Carl Jarvis <jarvisac@mail.uc.edu>
Eric Zinnikas <eric@zinnikas.org>
Stanislau Hlebik <glebik.stanislav@gmail.com>
Aliaksandr Nekrashevich <nekrald@gmail.com>
Aliaksei Kolesau <kolesov93@gmail.com>
Alex Yue <acyue@princeton.edu>
Katherine Virginia Denner <kdenner@princeton.edu>
Akash Levy <akashlevy@gmail.com>
Nathaniel Adam Kavaler <nkavaler@princeton.edu>
Sai Grandhi <grandhis@dickinson.edu>
Aditya Majumdar <am3713@columbia.edu>
Caitrin Armstrong <caitrin.armstrong@mail.mcgill.ca>
Arjun Lall <arjun.lall@mail.mcgill.ca>
Amanpreet Singh Kandola <akandola@college.harvard.edu>
Nicholas Rioux <rioux.n@husky.neu.edu>
Michaelynn Welther <mickywelther@gmail.com>
Kanishk Thareja <kanishkt@gmail.com>
Miles Dickinson <milesd@terpmail.umd.edu>
Sameer Nils Mehra <smehra@college.harvard.edu>
Shuo Sun <ssfei81@berkeley.edu>
Jaret Dawson <jaret.dawson@gmail.com>
Jan Dean Catarata <jandean.catarata@rutgers.edu>
Rishab Gupta <Rishabsgupta@gmail.com>
David Wei Zhao <dz@princeton.edu>
Lilly Shen <lshen01@college.harvard.edu>
Joy Lam <jlam.etw@gmail.com>
Rishabh Jain <rjain11@illinois.edu>
Brian Newsom <brian.newsom@colorado.edu>
Dawson Botsford <dawsonbotsford@gmail.com>
Peyman Mortazavi <semo0787@colorado.edu>
Matthew Choi <a6865921@drdrb.net>
Neil Sengupta <neil96sengupta@gmail.com>
Gal Phillip Israel Afik <afikdesigns@gmail.com>
Ethan Bian <epiary@gmail.com>
Joseph Kim <joskim0120@gmail.com>
Arjun Puri <arjunpur@andrew.cmu.edu>
Revan Sopher <rsopher@gmail.com>
Daniel A Bordak <dbordak@fastmail.fm>
Nikhil Kumar <nikhilkumar516@gmail.com>
Liban Mohamed <liban.moh99@gmail.com>
Saleh Hamadeh <salehhamadeh@gmail.com>
Robin Elaine Tan <robintan@andrew.cmu.edu>
Raphael Denimir Impress Baysa <raph737@bu.edu>
Viviana Yee <vivyee@bu.edu>
Ethan Wen-Yen Chiou <ethanchiou@berkeley.edu>
Aleksander Skjoelsvik <alsk@bu.edu>
Kshitij Grover <kgrover@caltech.edu>
Jacob Boehm <jacobboehm@gmail.com>
Kevin Yan <lilkev9412@gmail.com>
Aaron Nech <necha@cs.washington.edu>
Ji Hun Kim <jk2227@cornell.edu>
Amanda Chow <amandachow@berkeley.edu>
Brandon Milton <bmilton@ucsd.edu>
Zachary Evan Zagorski <zachary_zagorski@brown.edu>
Nikhil Srinivasan <nsrinivasan@genetics.med.harvard.edu>
Zainul Shah <zan2434@gmail.com>
Saurav Das <sauravd@gmail.com>
Clark Gredoña <clark.gredona@mail.mcgill.ca>
Jaimie Zhu <zhu.jaimie@gmail.com>
Yosuke Sugishita <yosuke.sugi@gmail.com>
Edward Barkle Geeslin <edward.geeslin@gmail.com>
Alexander Narayanan <narayanan.a@husky.neu.edu>
Nitarshan Rajkumar <nitarshanr@gmail.com>
Reia Cho <chor346@berkeley.edu>
Luka Milekic <lmilekic@brandeis.edu>
Lucy Chen <grinsengonalit@gmail.com>
Brian Chun-Lai So <briansobrian@gmail.com>
blah <blahblah@mailinator.com>
Isaac Boehman <idboehman@gmail.com>
Daghan Percinel <daghanp@umd.edu>
Daniel Shafiee Kermany <daniel.kermany@gmail.com>
Milind Shah <personalmilind@gmail.com>
Siddharth Jain <sid26@ucla.edu>
Nathan Schucher <nathan.schucher@gmail.com>
Paul Tai <javatai@gmail.com>
Jose Armando Martinez <jam004@ucsd.edu>
Sidharth Kapur <sidharthkapur1@gmail.com>
Aaron Emmanuel Morais <aaron.m@live.ca>
Michael Noseworthy <mnoseworthy7@gmail.com>
Jeffrey Han <jh34@princeton.edu>
Christian Marcel Vogel <christian.m.vogel@Vanderbilt.Edu>
Giancarlo M. Guerra <gg6833a@student.american.edu>
Philip Levon Lowe <lowe.p@husky.neu.edu>
Brendan Isaac Ross <brendanros@gmail.com>
MATTHEW CAPONE <capone.m@husky.neu.edu>
Ryan Michael Malpass <ryan.malpass@yale.edu>
Tai-Lan Hirabayashi <hirab22t@mtholyoke.edu>
Seean Kim <kim.seean@gmail.com>
Steven Janovitz <stjanovitz@gmail.com>
Brandon Tineo <brandontineo@college.harvard.edu>
Daniel Spokoyny <dspoka@gmail.com>
Michael Rosengrant <mike@mjrosengrant.com>
Brianna Huynh Lam <briannahlam@ucsd.edu>
MD Wasiur Rahman <wrahman0@gmail.com>
Aaron Plave <aplave@wesleyan.edu>
Bridget Corcoran <becorc01@vt.edu>
Curtis Ray Schumacher <schumacr@mail.uc.edu>
Kenneth Wayne Addison <addisokw@mail.uc.edu>
Christopher Henry Crowell <crowelch@mail.uc.edu>
Vincent Chow <chow@college.harvard.edu>
May Ng <may.ng92@gmail.com>
Kimberly Xuan Nguyen <kimberly_x_nguyen@brown.edu>
Aaron Kerem Gokaslan <dragonsrcool.aaron@gmail.com>
Noah Alexander Picard <noah_picard@brown.edu>
Nicole Sarah Greene <nsgreene@umd.edu>
Kathy Wenhui Li <kwl2@rice.edu>
Christopher Edward Jones <chrisj7@vt.edu>
Lisa Li <ll2768@columbia.edu>
Mitchell Allen Gordon <mitchell.gordon95@gmail.com>
Frank Cangialosi <fcangialosi94@gmail.com>
Daniel Patrick Howard <dphoward@wisc.edu>
Rishabh Moudgil <mrishabh@outlook.com>
Xinghao Wang <xwang88@lsu.edu>
Arthur Nicholas Wongsosaputro <arthurnw@stanford.edu>
Dina Yerlan <dyerlan@andrew.cmu.edu>
David Zhang Hao <dzh2101@columbia.edu>
Kevin Shen <ks3206@columbia.edu>
Jonathan Zhu <jhz2110@columbia.edu>
Matthew Favero <mattfavero@gmail.com>
Hemil Desai <desai38@purdue.edu>
Kavishk Gandhi <gandhik@purdue.edu>
Parik Ahlawat <pahlawat@purdue.edu>
Asheem Chhetri <achhetri@purdue.edu>
Michael David Coffaro <mcoffaro@stanford.edu>
Daniel Ge <dange@seas.upenn.edu>
Nicolo Villanueva Chavez <itsneekoh@g.ucla.edu>
Mustafa Khan <makman09@gmail.com>
Fahd Ananta <f.ananta@gmail.com>
Yehya Hossam Awad <yehya@psu.edu>
Jordan Quan <quan.jordan@gmail.com>
Kevin Choi <kchoi@hmc.edu>
Waleed Qawasmi <wqawasmi@gmail.com>
Anna Lu <anna.lu@yale.edu>
Louisa Hale Conwill <louisa_conwill@brown.edu>
Lingliang Zhang <lingliang.zhang@nyu.edu>
Frank Porco <reg@symbiotry.com>
Diego von Beck <dvonbeck@gmail.com>
Eric Pennington <eric.pennington@gatech.edu>
Wasif Sikder <wsikder@terpmail.umd.edu>
Hammad Bashir <hammadb@berkeley.edu>
Namank Shah <namank@bu.edu>
Gaurang Bhatt <gb4@umbc.edu>
Akash  Patel <abp102@scarletmail.rutgers.edu>
Will Strimling <w@ml.to>
LLOYD XIE <swampert_111@yahoo.com>
Sameer Chitley <schitley@uwaterloo.ca>
Aamir Mansoor <me@aam1r.com>
Wilson Ding <shodai100@gmail.com>
Ali Afridi <afridi2@illinois.edu>
Sami Jaber <jabersami@gmail.com>
Timothy Calvert <tncalvert@wpi.edu>
Andrew Iovanna <and.iovanna@gmail.com>
Riley Larkins <rdlarkins@wpi.edu>
Justin Chines <jfchines@wpi.edu>
Chen Liang <cl@nus.edu.sg>
Kanav Dhir <kdhir@bu.edu>
Alexander Wong <alexwong@bu.edu>
Kevin Rodman Mannix <kmannix@bu.edu>
Deven Searles Dayal <devend@bu.edu>
Ayat Amin <photay.amin@gmail.com>
Hardikkumar Jajadiya <hardik.b.jajadiya@gmail.com>
Suket Karnawat <suketk@gmail.com>
Joanna Wang <joannajw@princeton.edu>
Justin Selig <jss459@cornell.edu>
Max Burns <mburns@umd.edu>
Collin Stedman <cstedman@princeton.edu>
Kevin Young <kyoung18@umd.edu>
arthur maroufi colle <acolle@umd.edu>
Shaun VanWeelden <shaun314@iastate.edu>
Katerina Zorko <katerinazorko@yahoo.com>
Ryan Gourley <ryan_gourley@brown.edu>
Neel Mouleeswaran <me@neel.io>
Nikhil Shenoy <nrs76@scarletmail.rutgers.edu>
Chenggang Wu <chenggang_wu@brown.edu>
Derek Seaton <z173045@students.niu.edu>
Dave Sescleifer <dave@sescleifer.com>
Shane Creighton-Young <srcreigh@uwaterloo.ca>
Rebecca Holman <rholman@brandeis.edu>
Mikkel C. Kim <wjsekfghks@gmail.com>
Chesong Lee <KRUKUSA@gmail.com>
Soubhik Barari <soubhik.barari@tufts.edu>
Logan Allen <loganallc@gmail.com>
Arjun Lamba <arjunlam@bu.edu>
Kshitijh Meelu <kshitijh.meelu@yale.edu>
Safiyah A Sadiq <sasadiq@terpmail.umd.edu>
Karan Goel <karanmatic@gmail.com>
Alex Wissmann <Wissmania@gmail.com>
Xinghao Wang <howard19940402@gmail.com>
Nouran Mohamed Abd-ElSalam Ibrahim Soliman <nouranm.soliman@gmail.com>
Viet Do <dodviet@seas.upenn.edu>
Xu He <he.xu@husky.neu.edu>
Austin Chan <auscwork@gmail.com>
Ellis Sparky Hoag <ellis.sparky.hoag@gmail.com>
Anchal Agrawal <aagrawa4@illinois.edu>
Sean Liu <sl3497@columbia.edu>
Nicholas Ivan Cvitak <ncvitak@gmail.com>
Paul Asselin <passelin@seas.upenn.edu>
Jacob Simon <jasimon@princeton.edu>
Nathaniel Chien-Loh Gerthe <ngerthe@princeton.edu>
Raymond Jacobson <me@raymondjacobson.com>
Vilair Feristin <feristin@sas.upenn.edu>
Henry Edgardo Argueta Herrera <hherrera@terpmail.umd.edu>
Kevin Chen <kevinchen2016@u.northwestern.edu>
David Cunha Dantas <davidjantas@gmail.com>
Christina Kim <chkim@u.northwestern.edu>
Christopher James Vrabel <cjv38@cornell.edu>
Emil Tord Taro Ohman <ett.ohman@telia.com>
Eyvind Niklasson <een7@cornell.edu>
Ruiqi Mao <ruiqi_mao@brown.edu>
Matthew Cooper <matthew_cooper@brown.edu>
Gary Chien <gary_chien@brown.edu>
Michael Richard Gillett <michael_gillett@brown.edu>
Xiaotian Cao <xcao1@andrew.cmu.edu>
Taher Mun <tahermun@gmail.com>
Riley Wood <rjw245@gmail.com>
Jacob James Gerace <jacob.gerace@tufts.edu>
Nicola Rose Hannah Thomson <nicola.thomson@tufts.edu>
Dhwani Ajaykumar Shah <dshah2021@gmail.com>
Peter Mitrano <pdmitrano@wpi.edu>
Himanshu Kattelu <himanshukattelu@gmail.com>
Daniel T Yao <Daniel988@ucla.edu>
Charlie Chi-Yu Su <dragonsmirth@gmail.com>
Matthew Einar Petersen <matthew_petersen@brown.edu>
Xiaoyu He <xiaoyuhe@college.harvard.edu>
Daryl Sew <darylsew@gmail.com>
Andrew Rodriguez <andrew.rodriguez007@gmail.com>
Liam Horne <lihorne@uwaterloo.ca>
Justin J Lee <justinlee@cmu.edu>
Jamil Dhanani <jamil.dhanani@gmail.com>
Josh Preuss <jpreuss@terpmail.umd.edu>
Michael Moskie <michael.moskie@gmail.com>
Michael Rosenberg <rosenbmr@sunyit.edu>
Kinshuk Juneja <junejak@purdue.edu>
Chung-Hsin Hou <jhou16@bu.edu>
Simran Ahluwalia <simrana@wharton.upenn.edu>
Ntambwa Basambombo <ntambwa@gmail.com>
Grant Timmerman <granttimmerman@gmail.com>
Kwong Eric Yuk Lun <eric.yl.kwong@gmail.com>
Michael James Langford <Michael.langford29@gmail.com>
Derek Raul Argueta <dargueta@studentbody.byu.edu>
Cameron Yick <cam.yick@yale.edu>
Nikhil Mathur <nimathur@ucsd.edu>
Daniel Reji <Danielreji21@gmail.com>
Leonino Colobong <lcolobong@berkeley.edu>
Bentic Joseph Sebastian <bsebast2@illinois.edu>
Andrew Sousa <Acsousa@umass.edu>
Zachary Ferland <zachferland@gmail.com>
Dean Shi <deanshi@bu.edu>
Winston chen <Winstonc@bu.edu>
Huy Le <huyle333@bu.edu>
Guanchen Zhang <guanchenzhang@gmail.com>
Tenji Tembo <tenji240@gmail.com>
Matthew Duran <Matthew.d.duran@gmail.com>
David Nathanael Nicholson <danich1@umbc.edu>
Jared Troy Moskowitz <jared.moskowitz@tufts.edu>
Kabir Singh <ksingh.pa@gmail.com>
Choong-Won Richard Kim <Cwrichardkim93@gmail.com>
Alexander Mermelstein <amermels@andrew.cmu.edu>
Katherine Qinru Ye <kye@princeton.edu>
Sankarshan Mudkavi <Sankarshan.Mudkavi@gmail.com>
Samantha Yangco Amos <simplyamos@gmail.com>
Kevin Yeh <kevin.k.yeh17@gmail.com>
Alek Raffi Festekjian <festekj2@illinois.edu>
Daniel Ni <danielmichaelni@gmail.com>
Ramsey Khadder <rkhadder@terpmail.umd.edu>
Sawyer Symington <sawsym@terpmail.umd.edu>
Hoi Kei Wong <hoikei_angela@hotmail.com>
Justin Kim <justinjmkim@gmail.com>
Thomas Jiang <thomas.r.jiang@gmail.com>
Andy Chen Yang <andyyang@utexas.edu>
Bohan Li <bohanl@andrew.cmu.edu>
Pushpak Kumar <pkumar95uw@gmail.com>
Jessica Ruimin Ma <jessicama67@gmail.com>
Wei Zhu <zhuwei@umich.edu>
Michael Saarah <michael.saarah@my.fisk.edu>
David T. Tran <davidt93@uw.edu>
Joseph William Rock <jwrock2@illinois.edu>
Javon Mullings <Mullings_Javon@Wheatoncollege.edu>
Taymoor Khan <tmkhan.k2@gmail.com>
Akhil Lohia <akhil.lohia@gmail.com>
John Sinjin Chirikjian <john.chirikjian@yale.edu>
Michael Gubbels <mgubbels@umd.edu>
Taylor Offer <tayloroffer@gmail.com>
Jackson Carl Burzynski <jackson.burzynski@tufts.edu>
James Burns Fator <jbf9160@rit.edu>
Jessica Lee <jml5ts@virginia.edu>
Oleksandr Aleksandrovych <alek1@umbc.edu>
Rohan Pai <me@rohanpai.com>
Kofi Amoah <kofiamoah435@gmail.com>
Emmanuel Banks <Emmanuelbanks@me.com>
Michael Zemsky <zemskm@rpi.edu>
Mohammad Alwazrah <alwazrah@wisc.edu>
Ali Shah Sharif <assharif@uwaterloo.ca>
Noah Levy <noahmslevy@gmail.com>
pavey nganpi <paveytel@buffalo.edu>
Amal Afroz Alam <amalafrozalam@gmail.com>
Your Mom <liu.andrew.x@gmail.com>
Zahra Mahmood <zahramahmood@college.harvard.edu>
Mevaa me Doumamvom Gilles Franck <gillesfr@buffalo.edu>
Mathieu Tremblay <sk8.mathos@live.fr>
Kartik Hegde <kartikh26@gmail.com>
Parthiban Loganathan <pl2487@columbia.edu>
Suryabrata Dutta <suryabrata.dutta@yale.edu>
Oluwole Obayomi <oluwole.obayomi@mail.mcgill.ca>
Robert James Uy Xu <robxu9@gmail.com>
Taylor Offer <toffer@umass.edu>
Robert Clifford <rjc9008@rit.edu>
Ryan Andrew Lane <ryan@ryanalane.com>
Angela Qiu <ayqiu@cmu.edu>
Shubham Aggarwal <shubham.aggarwal@live.ca>
Kunal Umeshbhai Khamar <kkhamar@outlook.com>
Jalaj Sheth <jalaj_95@hotmail.com>
Mahimna Dave <mahimnadave@gmail.com>
Ojas Sathe <oss2116@columbia.edu>
Joshua Tilden Black <joshuatblack@ufl.edu>
Rishabh Mishra <mish0116@umn.edu>
Megan Chen <mcgauss1181@gmail.com>
Brian Zeng <bz2231@columbia.edu>
Yeongwoo Hwang <yeongwoo@cmu.edu>
Yousuf Soliman <ysoliman@andrew.cmu.edu>
Christine Lee <christi3@andrew.cmu.edu>
Edward McEnrue <edward.mcenrue@vt.edu>
Jeffrey Guo <jeffrey.guo@yale.edu>
Mu Li <mu.li@yale.edu>
Andy Law <Andy.law@yale.edu>
Alex Rodriguez <Aurodrig@ucsd.edu>
Damian Lin <dlin@brandeis.edu>
Kaya M Thomas <kayathom@gmail.com>
Kathleen Sprout <Kathleen.G.Sprout.17@dartmouth.edu>
Daoxu Ye <ydaoxu@gmail.com>
Woori Bong <woorib@gmail.com>
Matthew James Boughen <matt_boughen@hotmail.co.uk>
Arsalan Khuwaja <arsalaangulzar@yahoo.com>
Hayford Kwadwo Peprah <ford.peprah@uwaterloo.ca>
Evan Qi <evanqi@umd.edu>
Aniket Lachyankar <aniketlachyankar@me.com>
Nihal Shah <nmshah4@illinois.edu>
Win Wang <fallenpwr@gmail.com>
Jacob Rust <jrust1@umbc.edu>
Hemanth Chittela <h.chittela@gmail.com>
Nicholas Stanley Ingrassia <ningrassia@wisc.edu>
Jordan White <jordanrw@vt.edu>
Eric Zhu <ericzhu@andrew.cmu.edu>
Jonathan Zong <jonathan@jonathanzong.com>
Sangini Shah <sanshah13@yahoo.com>
Nicholas Sahler <nick@sahler.co>
John Yeung <john.yeung628@gmail.com>
Bhavesh Rathod <brathod@terpmail.umd.edu>
Fan Guo <guofan1995@gmail.com>
James Grammatikos <grammatikos.j@husky.neu.edu>
Srinivas Nadella <vasu1602@gmail.com>
William Hua <william.hua@utexas.edu>
Joseph Y Kim <Joseph.kim.ius@gmail.com>
Nai Pun Giovanni Wong <npwong@ucsd.edu>
Zachary Plata <zplata@iastate.edu>
Vincent Huang <vincom2@gmail.com>
Connell Donaghy <cpd@andrew.cmu.edu>
Tom Shen <tomshen@cmu.edu>
Joel Choo <joelchoo@cmu.edu>
Justin J. Yang <justin@y4ng.com>
Radhir Kothuri <kradhir14@gmail.com>
Subhodeep Mitra <smitra1@berkeley.edu>
Ivan Zhang <izhang@purdue.edu>
Dorothy Chen <dochen@princeton.edu>
Kimberly Lister <klister@cmu.edu>
Mosab Elagha <elagha2@illinois.edu>
Ronald Kwan <rkwan@berkeley.edu>
Waseem Khan <waseemkhan96@gmail.com>
Robert Tyler Yeats <jsjoesmith6@gmail.com>
Olasubomi Oluwafayorantimi Awokoya <oawokoya@ucsd.edu>
Lily Grace Sellers <lseller2@illinois.edu>
Kiran Nagesh Vodrahalli <knv@princeton.edu>
Derek Yu <derek.yu@yale.edu>
Joseph Leo Dickinson <jozefdickinson@gmail.com>
Alexander Crits-Christoph <acritsc1@jhu.edu>
Beatrice Huang <beahuang1@gmail.com>
Yuhui Liu <yuhuiliu1@gmail.com>
Lyle Chase Laakso <lclaakso@asu.edu>
Anthony Calandra <ascaland@uwaterloo.ca>
Kaustav Haldar <hi@kaustav.me>
chaojie wang <chaojie.wang@stonybrook.edu>
Michelle Chen <mi.chen17@rutgers.edu>
Saad Najmi <saadnajmi2@gmail.com>
Jingqi (Lois)  Yang <jingqiy@andrew.cmu.edu>
Spencer Shadley <spencershadley@utexas.edu>
Winston Howes <winhowes@live.unc.edu>
Rohit Narayan Sanbhadti <sanbhad2@illinois.edu>
Telli Ibrahim Koroma <tellikoroma@gmail.com>
Zhidong Wu <zhidong_wu@brown.edu>
Jackson Geller <jgeller4@terpmail.umd.edu>
Michelle Rojas <mrojass1028@gmail.com>
Carl Iknaian <carlman@brandeis.edu>
Kevin Shuhong Wang <kevw@seas.upenn.edu>
Muhaimen Shamsi <muhaimen@mail.usf.edu>
Tommy Chen <tchen@college.harvard.edu>
Pallavi Chamarthy <pallavi.chamarthy@yahoo.com>
Samuel Kortchmar <Samuel_Kortchmar@brown.edu>
Shivan Kaul Sahib <shivankaul.1993@gmail.com>
Saksham Saini <ssaini4@illinois.edu>
Phillip Tran <phillip.tran95@yahoo.com>
Sarah Stancik <skstancik@utexas.edu>
Kavitha Mary George <midnightswan@berkeley.edu>
Morgante Pell <morgante.pell@morgante.net>
David Lucas Steiner <dsteiner93@gmail.com>
Brian N. Aguirre <bna2261@email.vccs.edu>
Chika Hirai <chika.e.hirai@gmail.com>
Kelly Sengheang Lim <dragon2492@gmail.com>
Charlie Wang <charliewang92@gmail.com>
Heather Hua <hhua729@gmail.com>
Bin Cao <Yueerchu@gmail.com>
Runping Wang <ruw042@ucsd.edu>
Marouane Nafaa <mnafaa@terpmail.umd.edu>
Krishan valiyil  <Rvaliyil@terpmail.umd.edu>
Mustafa Shahnawaz <mshahnaw@terpmail.umd.edu>
Ozino Odharo <oodharo@terpmail.umd.edu>
Jerry Junkai Liu <jjliu@princeton.edu>
Jonathan Di Tang <jontang@princeton.edu>
Roger Mathieu Zurawicki <rzurawicki@college.harvard.edu>
Allen Kleiner <akleinr2@illinois.edu>
Ying Hang Eng <yinghang@bu.edu>
Ryan Eberhardt <reberhardt7@gmail.com>
Sam Chan Dickson <scdickso@purdue.edu>
Paul Barszcz <paul.barszcz@mail.mcgill.ca>
Elton Chen <elc036@ucsd.edu>
Rishabh Tandon <rishabh.tandon@mail.mcgill.ca>
Peter Youngjin Woo <pywoo2@illinois.edu>
Karthik Ram Pillutla  <krp5232@psu.edu>
Nikhil Bhat <nbhat000@gmail.com>
Anurag Garikipati <anurag.garikipati@gmail.com>
Aaron Bowen <aaron.bwn@gmail.com>
Johnny Francisco Zavala Giron <jzavalafgz@gmail.com>
Benedikt Lotter <blotter@seas.upenn.edu>
Dakota Ryan Lambert <drlamb@umich.edu>
Aditya Subramanian <subrmnn4@illinois.edu>
Justin Chang <jc4137@columbia.edu>
Tri Nguyen <nggtri@yahoo.com>
Nicholas Sargente <Nick@primis.org>
Elvin Yung <ecmyung@uwaterloo.ca>
Anth <anthony.zhang@uwaterloo.ca>
Keri Warr <keri@warr.ca>
Andy Baek <abaek@uwaterloo.ca>
Mathieu Wang <mathieu1330@hotmail.com>
Cheng Gong <cheng.gong@mail.mcgill.ca>
Ze Qian Zhang <ze.q.zhang@mail.mcgill.ca>
Christopher Su <christophersu9@gmail.com>
Robert Gawdzik <robertgawdzik@gmail.com>
Ursula Anne Lim <annne.lim@hotmail.com>
Ari Ben-Elazar <abenelazar@gmail.com>
Conor Patrick <conorpp@vt.edu>
Tim Cameron Ryan <tim@technical.io>
Joel Samelson <jsamel@terpmail.umd.edu>
Kevin Tse-Long Fu <kevin.fu808@gmail.com>
Satya Bodduluri <skbodduluri@gmail.com>
Mihir Kumar <mihir.kumar@outlook.com>
Dakota St. Laurent <dhstlaur@uwaterloo.ca>
Patrick Raleigh Jennings <prjennin@andrew.cmu.edu>
Jaya Sharma <jayasharma@comcast.net>
Duc Hieu Pham <dpham9@illinois.edu>
Mehul Patel <mpp301@nyu.edu>
Gagik Movsisyan <Gagikm@ucla.edu>
Nitesh Gupta <nitesh.gupta@tufts.edu>
Ryan Samuel Sickles <rsickles@andrew.cmu.edu>
Ghassen Jerfel <ghassouna@gmail.com>
Aditya Mukund <adityamukund@gmail.com>
Arturo Mena Cruz <arturo.1035@gmail.com>
Kevin Hojun Chon <khchon@andrew.cmu.edu>
Alexander Udaloy Kau <alexukau@gmail.com>
Preston Mueller <preston@prestonmueller.com>
Tyler Jeffrey Nickerson <Nickersoft@gmail.com>
Ivan Melnikov <imelnikov@wpi.edu>
Erik Nadel <einadel@wpi.edu>
Ramin Zarifi <raminzarifi@gmail.com>
Ernst Thomas Erdmann IV <tomerd@umich.edu>
Matthew Linkous <mlinkous@middlebury.edu>
Aaron Sungkyung Hong <aaron.sk.hong@gmail.com>
Matthew Piccolella <mjp2220@columbia.edu>
Vardhman Mehta <vardhman.mehta96@gmail.com>
Sagar Garg <sagargarg@gmail.com>
Kartik Talwar <hi@kartikt.com>
Eric Gomes Muxagata Conrado <ericgmconrado@gmail.com>
Tuan Dang <A4dang@ucsd.edu>
Filippos Lymperopoulos <Filippos.lymperopoulos@students.olin.edu>
Geoffrey Vedernikoff <veg@seas.upenn.edu>
Curtis Henry SerVaas <cservaas@purdue.edu>
Test <hongj77@gmail.com>
Arshdeep Sabharwal <asabhar2@illinois.edu>
Marc Rudkowski <mrudkows@umass.edu>
Julia Eng <jeng93@terpmail.umd.edu>
Matthew Bentley <mtb89@case.edu>
Jordan Canedy <jcanedy@college.harvard.edu>
Roberto Gonzalez <gonzalez03@college.harvard.edu>
Ash Bhat <me@ashbhat.com>
Jordan Kunzika <jordan.s.kunzika@gmail.com>
Nakul Pathak <nakulpathak3@hotmail.com>
Michael Ma <mma@college.harvard.edu>
Michelle Zheng <mzheng6@illinois.edu>
Alex Alberg <aralberg@gmail.com>
Samuel Mark Fishman <sfishman827@gmail.com>
Benjamin Scharfstein <bscharfstein@college.harvard.edu>
Rasmi Elasmar <re2300@columbia.edu>
Pranava Aditya <paditya2@illinois.edu>
Brendan Games Gordon <brendan.gordon@mail.mcgill.ca>
Eric Appel <Ema77@cornell.edu>
Evan Andrew Baytan <Ebaytan@knights.ucf.edu>
Sang Lee <kyon92@gmail.com>
Alexander Pong <pong@college.harvard.edu>
Shuyang Li <sli8@nd.edu>
Benjamin Kroop <benkroop@gmail.com>
Mingzhe Li <mingzhe.li@tufts.edu>
Ahmed Sayed Shehata <ahmed.sayed092@gmail.com>
Osvaldo Gonzalez Rivera <osvaldo.gonzalez2@upr.edu>
Prashanth M Ajith <maprash@gmail.com>
Anis Abboud <anis.abboud@gmail.com>
Rohit Ahuja <rohitahuja@college.harvard.edu>
Kimberley Yu <kimberley.yu.3@gmail.com>
Travis Jin-Ja Yeh <travisyeh@college.harvard.edu>
Mason Tyler-Lee Everett <me@purdue.edu>
Jonah Back <backjo@mail.uc.edu>
Pritesh Gupta <priteshg@buffalo.edu>
Anish Sagar Narsian <anish.narsian@gmail.com>
Michael Lakhia <mike@diputs.ca>
Kristy Choi <eyc2120@columbia.edu>
Huy Vu <hvu@terpmail.umd.edu>
Ka Lung Chan <klc014@ucsd.edu>
Rupin Bhalla <Rupin.Bhalla@gmail.com>
Joseph Cappadona <jcapp@seas.upenn.edu>
Yuqing Wang <yuqiwang@seas.upenn.edu>
Peter Argany <pargany@uwaterloo.ca>
Ryan Orr <rworr@uwaterloo.ca>
Kevin Jordan Wong <kevin.jwong85@gmail.com>
Audrey Lee <aul004@ucsd.edu>
Austin cheng jun Sun <acs008@ucsd.edu>
Alex Tang <alt020@ucsd.edu>
Burim Derveni <bd437@drexel.edu>
anush <anush95@gmail.com>
Rootul Patel <rootulp@gmail.com>
Andrew Francl <francl@bc.edu>
Kevin Gleason <gleasokh@bc.edu>
Kiana McNellis <mcnelk@rpi.edu>
Aaron Gunderson <aaron@agundy.com>
Severin Ibarluzea <seve700@gmail.com>
Daniel Kolbman <dankolbman@gmail.com>
Robert masti <rmasti11@yahoo.com>
Brandon B. Miller <brandonbm_@live.com>
Benjamin Brittain <ben@brittain.org>
Jeffrey Wang <jeffreywang93@gmail.com>
James Wu <jwu@efunda.com>
Kenny Shi <kenshi.school@gmail.com>
Akhil Chandrashekhar Acharya <akhileagles@gmail.com>
Enrique Alberto Segura Carrillo <eseguraca.6@gmail.com>
Oscar Eduardo Gonzalez-Barrios <Oegonzal@ucsd.edu>
Eric Ho <eric.ho@yale.edu>
Alireza Samar <neev.smr@gmail.com>
Zeping Ding <jding1996@gmail.com>
Joy Gao <y42gao@uwaterloo.ca>
Anand Pattabiraman <andymochi+apps@gmail.com>
Alex Wu <awu3@nd.edu>
Michelle Zheng <michelleyzheng@gmail.com>
Alexandra Adkins-Daniel <adkins.alexandra@gmail.com>
Abhinav Jambulingam  <jamabhinav@gmail.com>
Ishaan Taylor <ist2@case.edu>
Scott Shevrin <funnyjk@gmail.com>
Joel Meyer <meyerj431@gmail.com>
Tom Hao Bu <tom.bu@yale.edu>
Jemin Lee <jemin.lee@yale.edu>
Anh Tran <panhtran249@gmail.com>
Aditya Dalal <aditya.dalal@rutgers.edu>
Sakib Farhan Jalal <sakib.jalal@gmail.com>
Sandile Keswa <me@sandile.io>
Michael Gonzalez <mmg005@ucsd.edu>
Wilmer Montesdeoca <wam3@williams.edu>
Jeffrey Bandeen <bandeenj@gmail.com>
Nicholas Roberts <roberts_0673540@my.scccd.edu>
Andrew Dai <theman@andrewdai.co>
Scott Shevrin <scott_shevrin@mymail.bcc.edu>
Hong San Wong <hswong1@uci.edu>
Amy Lim <Amy.lim.cs@gmail.com>
Raymond Li <raywli@bu.edu>
Phong Dang Tran <pdt004@ucsd.edu>
Jessie Alvarez <jessiea@stanford.edu>
Jonathan Yehuda Engel <jengel@stanford.edu>
Andrea Tess Fisher <atfisher@stanford.edu>
Sihao(Frank) Liu <franksliu12@gmail.com>
James Yu <james@jamesy.us>
Andy Shang <andy8s@hotmail.com>
Lilian Xie <lxie@wellesley.edu>
Taher Jafferjee <taher.jafferjee@mail.utoronto.ca>
Kashish Mittal <kmittal@andrew.cmu.edu>
Bryan Alexander William Jensen <jensen_bryan@wheatoncollege.edu>
Raylene MacDonald <raylene.mac@gmail.com>
Vijay K Thiagarajan <vkthiaga@ncsu.edu>
Samuel Clarke <sclarke@gatech.edu>
Uwe Cerron <uwecerron@gmail.com>
Luke Van Seters <lukevanseters@gmail.com>
Uthsav Rajaram Chitra <uthsav_chitra@brown.edu>
Theodore Popp <theodore.popp3@utexas.edu>
Fidele Donadje <donadjefidele@gmail.com>
Jordan R Horwich <jordan@jordanhorwich.com>
Nicholas Semenza <nsemenza@purdue.edu>
Jeyashri Sridhar <justjeyashri95@gmail.com>
David Tsui <davidwhtsui@gmail.com>
alec harmon blumenfeld <alec.blumenfeld@mail.mcgill.ca>
Ceidric Platero <ceidricp@yahoo.com>
Sabina Smajlaj <ss3912@columbia.edu>
Neil Parikh <parikh.ne@gmail.com>
Imran Saleh <imran96saleh@gmail.com>
ByoungOh Kang <bhany8@gmail.com>
Gangbaolede Li <itepsilons@berkeley.edu>
Guanyang \"Ethan\" Yu <ethan.yu@dartmouth.edu>
Rohan Shah <rmshah2@buffalo.edu>
Lujia Zhang <zhangl@rose-hulman.edu>
Matthew Shwed <matthew.shwed@gmail.com>
Matthew Karabetsos <mkarabetsos@gmail.com>
Danielle Shwed <danielle_shwed@hotmail.com>
Amine Mhedhbi <m.amine.mhedhbi@gmail.com>
Olivier Nguyen <nguyenolive@gmail.com>
Teodor-Alexandru Ionita <t_ionita@live.concordia.ca>
Nicole Cappadocia-Assaly <n_cappad@live.concordia.ca>
Michael Han <hanm3@rpi.edu>
Marshall Shortledge <marshall.shortledge@gmail.com>
Terence Matthew Farrell <terence.m.farrell@gmail.com>
David Chen <dchen44@illinois.edu>
Saurabh Mishra <smishra6@illinois.edu>
Eric Ahn <ericahn3@illinois.edu>
Collin Valley <collin9383@gmail.com>
Jasmine Yan <jasmineyan@college.harvard.edu>
Jeff Hilnbrand <jahilnbrand@gmail.com>
Helen V. Holmes <hh7456a@student.american.edu>
Benjamin C. Chu <bcchu@andrew.cmu.edu>
Paul Rachwalski <rchwlsk2@illinois.edu>
John Arendt <jack.arendt93@gmail.com>
Kashev Dalmia <dalmia3@Illinois.edu>
Jade Yee <Jade.yee.93@rutgers.edu>
Ai Onda <aionda1@umbc.edu>
Khalid Almandeel <kalmande@ucsd.edu>
Daniel T Galvez <dtg42@cornell.edu>
Dylan Baker <dbaker@hmc.edu>
Adam Dunlap <adunlap@hmc.edu>
Men Cheol Jeong <MJEONG@HMC.EDU>
Evan Kahn <ekahn@hmc.edu>
Jacob Torrence <jacobjt@umich.edu>
Janae Hoyle <janae.hoyle@tufts.edu>
Erik Tyler Koebke <ekoebke@terpmail.umd.edu>
Sandeep Vutla <sandeepvutla@yahoo.in>
Sagar J Patel <patelsagar72@gmail.com>
Adam Michael Gross <adam.m.gross.1@vanderbilt.edu>
Fang Huang <huangf@rose-hulman.edu>
Alexander Roth <air2112@columbia.edu>
Yuxuan Zhang <yuxuan.zhang@tufts.edu>
Raymond Shiau <raymond.shiau@berkeley.edu>
Eun Kim  <kim.4882@osu.edu>
Michael Matthew Carino Sy <michaelsy34@gmail.com>
Faisal Farouq S Aldilaijan <faisald@utexas.edu>
Karthik Gollapudi <karthik@thegollapudi.com>
Alex Mang <alexmang@umich.edu>
Tony Liang <tony3827@gmail.com>
Jennifer Wei <jennifer.wei@students.olin.edu>
Shannin Ciprich <shanninc@buffalo.edu>
Enrique A. Espaillat <espaill2@illinois.edu>
Warfa Jibril <wjibril@andrew.cmu.edu>
Zhiyu (Annie) Meng <zmeng@seas.upenn.edu>
Jonathan M Ketcham Jr <jket@asu.edu>
Dante Tobias Knowles <dknowles@ucsd.edu>
Chun-Kai Chien <ckchien@princeton.edu>
Shadia Al-Shafei <shadia@seas.upenn.edu>
Kelly Huang  <Kelhua@gmail.com>
Raymond Xu <rx2125@columbia.edu>
aaron lo <aaronlo207@gmail.com>
Erik L <psybuzz@gmail.com>
Ivan Rudovol <irudovol@umass.edu>
Zane Austin Urbanski <urbanski@utexas.edu>
Lukas Zhupa <lzhupa@umd.edu>
Walid Ur Rahman <walid.u.rahman@gmail.com>
Brian Zhu <mrblah0@gmail.com>
Bryan Robert Thornbury <brthornbury@csupomona.edu>
Siddharth Bidasaria <bidasar2@illinois.edu>
Kathleen Elizabeth Wilson <kathleenwilson92@gmail.com>
Samson Stannus <samson.stannus@mail.mcgill.ca>
Joseph Dailey <josephldailey@gmail.com>
Haohang Xu <haohang.xu@yale.edu>
Dallas Breunig <dbreunig@purdue.edu>
Pujan Dharmendra Dave <pdave7@illinois.edu>
Angelique De Castro <ajdecast@ucsd.edu>
Vladimir Kirimov <vladimir.kirimov@yale.edu>
Judy Chen <time.fly.arrow@gmail.com>
Jesse Todd Collins <colli180@purdue.edu>
Brian Le <blsymph@gmail.com>
Parth Mehta <pcmehta@princeton.edu>
Rohan Manish Chandra <rohan_chandra@brown.edu>
Matthew Joseph Morris <mjm184@zips.uakron.edu>
Vincent Tian <vincenttian16@gmail.com>
Jay Yang Lok <lok.j@husky.neu.edu>
Andrew Tat <tat@andrewtat.com>
Aakash Adesara <aakash.adesara@gmail.com>
Bob Zapata Saludo <bzs208@nyu.edu>
Ofek Weitzman <Cliff_weitzman@brown.edu>
Antares Rajit Rahman <arahman@conncoll.edu>
Troy Barrett <tgb2110@columbia.edu>
Daniel Kaczmarek <dkaczmarek@wisc.edu>
Daniel Foster <fosted3@rpi.edu>
Vladislava Rosenova Paskova <pasko22v@mtholyoke.edu>
Ramya Rangan <ramyarangan@college.harvard.edu>
Alex Stephen <stepa@umich.edu>
Nicolas Lupien <nicolas.lupien@usherbrooke.ca>
Sean Vedrinelle <Seanvedrinelle@college.harvard.edu>
Frederic Lafrance <frederic.lafrance2@mail.mcgill.ca>
Yu Chen Hou <houyuchen66@gmail.com>
Brian Chu <brian.c@berkeley.edu>
Dmitry Pimenov <dpim@uw.edu>
Brandon Potts <bepotts@vt.edu>
Evans Maxwell Hauser <ehauser@andrew.cmu.edu>
Jake Tesler <jtesler@cmu.edu>
Philip Seger <philip.seger@students.olin.edu>
James Sweetman <jamestsweetman@utexas.edu>
Moises Holguin <mholguin@cs.utexas.edu>
Nicholas Pereira <nickpereira@utexas.edu>
nathan roberson <nathir2@vt.edu>
Bisoye Olaleye <bisoye_93@yahoo.com>
George Lo <log@purdue.edu>
Erik Langert <Elanger4@binghamton.edu>
Albertina Bao <alby.bao@mail.utoronto.ca>
Mark Tengi <markat@princeton.edu>
Keith Gladstone <keithag@princeton.edu>
Zachary Alexander Knowles <zak@eugeneknowles.com>
James Chang <jamesc@berkeley.edu>
Max David Lever <lever.ma@husky.neu.edu>
Mibo Zhao <mibo.zhao@mail.mcgill.ca>
Ankit Shah <ams2436@columbia.edu>
Christopher Sen Viglietta <Vigliettachris@gmail.com>
Mackenzie Ward <mward4@buffalo.edu>
Mengzhou Zhou <kathy.m.zhou@gmail.com>
Kevin Zhang <kzhang22@berkeley.edu>
Stephen Bilogan <steve.bilogan@gmail.com>
Valentin Tsatskin <val@valtsatskin.com>
David Hergenroeder <david.hergenroeder@yale.edu>
Shane Fenske <shane.fenske@yale.edu>
Alexander Akagi <aakagi@purdue.edu>
Austin Broderick Magsig <abmag4@bu.edu>
Lev Dubinets <levdubinets@live.com>
Jose Nicolas Valdez <jvaldez1@terpmail.umd.edu>
Chen Ye <Cye@brown.edu>
Alexandru Bardasu <alexbardasu@gmail.com>
Vaibhav Vavilala <vibe007@gmail.com>
Ashley Weaver <acw89@scarletmail.rutgers.edu>
caner y?ld?r?m <caner.yildirim@ug.bilkent.edu.tr>
Raed Anbarserri <kevinanbarserri@gmail.com>
kailyn cage <kcage@umd.edu>
Jason Liu <jason.liu@yale.edu>
Jessie Serrino <jessie.serrino@tufts.edu>
Kuan-Hsuan Yeh <vic317yeh@ucla.edu>
David Rong Zheng <davidrongzheng@gmail.com>
Jasmine Boram Cha <jasmine@virginia.edu>
Hanbin Cho <hc4bt@virginia.edu>
Anthony Sandrin <asandrin@uwaterloo.ca>
Parsa Torabian <parsatorabian@yahoo.com>
Michael Joseph Giancola <mjgiancola@wpi.edu>
James Weber Macfarlane <j.macfarlane@comcast.net>
Julia Sun <julia.sun1@gmail.com>
Mitkumar rohit <Rohitmitkumar@gmail.com>
Adam Joseph Staples <AddStaples@yahoo.com>
Mustafa Salih <mustafasalih6@gmail.com>
Saul Lopez <sauls.lopez@gmail.com>
Gianluca Sironi <srn.glc@gmail.com>
Devin Richard Delfino <delfino_devin@wheatoncollege.edu>
Wei Wu <weiwu@college.harvard.edu>
Andrew Jamisson Story <kaslai@kaslai.com>
Joseph David Bustamante  <Josephdb001@gmail.com>
Diego Alberto Torres Quintanilla <diego.torresquintanilla@yale.edu>
Aaron Harris <contactaaronh@gmail.com>
Raymond Zeng <raymond_zeng@brown.edu>
Akshay Sawhney <as2755@cornell.edu>
Michael Kosk <mkosk@princeton.edu>
Anas Ambri <anas.ambri@gmail.com>
Yi Qin <yiqin@uchicago.edu>
Davis Liu <sivaduil@gmail.com>
Michael Sullivan Partridge <mpartrid@brandeis.edu>
Pavleen Thukral <pav920@gatech.edu>
Daniel Zachary Garza <dzackgarza@gmail.com>
Jyotika Tuhan <Jyotikajoy1@gmail.com>
Prince B Patel <princethepatel@gmail.com>
Neeraj Bajpayee <bajpayee@princeton.edu>
jessica shu <jessicashu127@gmail.com>
Andrew Linfoot <ajlin500@gmail.com>
Linda Liu <ll538@cornell.edu>
Yicheng Sun <yichengs@princeton.edu>
Jingwei Tu <jingweitu@berkeley.edu>
Hun Sung Lee <hunsung.lee2013@gmail.com>
Javier Enrique Fajardo Zafra <j_fajard@encs.concordia.ca>
Roger Chen <rogchen@stanford.edu>
Kavinayan P. Sivakumar <ks16@princeton.edu>
<h1>yo</h1> <notduointerns@gmail.com>
Samir Vakil <Samirvak@rutgers.edu>
Douglas Samson <drs349@cornell.edu>
Nicholas Paul Teleky <scoutfilmmaker@gmail.com>
Mark Simson <marksims@buffalo.edu>
Ivan  Y. Chen <ivanchenschool@gmail.com>
Neil Nijhawan <nijhawn2@illinois.edu>
Daniel Nicholas Taub <dtaub@princeton.edu>
Kenny Song <kenny.ysong@gmail.com>
Anish Khattar <akhattar@terpmail.umd.edu>
Pranav Gokhale <cmucap@yahoo.com>
Maureen Daum <Daum@umich.edu>
Annie Wei <anniewei@college.harvard.edu>
Matt Condon <m@cond.in>
Obaid A Farooqui <obaid.farooqui@tufts.edu>
Tom Silver <tsilver@college.harvard.edu>
JOHN FORREST PASCOE <pascoej@murri.ca>
Nir Shtuhl <shtuhl.n@husky.neu.edu>
Sairam Sasank Chundi <schundi2@illinois.edu>
Sujan Shrestha <sshrest1@scsu.edu>
Piyushi Bishnoi <pb2543@columbia.edu>
Gabriel Terrell <Gabriel.Terrell@tufts.edu>
Matthew Kula <matthewrkula@gmail.com>
Anqi Wan <anqiwan@yahoo.com>
David Zhu <davidzhu627@gmail.com>
Robby Grodin <grodin.robby@gmail.com>
Saurabh Sharma <s7sharma@ucsd.edu>
Michael Zhang <mz3@princeton.edu>
Tushar Bhargava <tushar_bhargava@brown.edu>
Vinay Hiremath <vinayh@umich.edu>
Harrison Charles Gregg <hgregg11@simons-rock.edu>
Aaron Senerador Santiago <aaronsantiago@gmail.com>
Luis Santos <santosl@umd.edu>
Mohit Tandon <mohittandon@gatech.edu>
Henry Hoang Tran <hhtran@stanford.edu>
Nikil Selvam <nikil.selvam@gmail.com>
Alphonso Sean Crawford <ascrawf2@asu.edu>
Tarini S Hardikar <tshardik@colby.edu>
Yuan Tang <yyt5070@psu.edu>
Cezary Wojcik <cezarywojcik92@gmail.com>
Benjamin Kantor <bdk3079@rit.edu>
Ryan Mullens <rmullens@umass.edu>
Batkhuyag Batsaikhan <bbatsaikhan@umass.edu>
Daniel Marchese <marchese.29@osu.edu>
William Charles Beckman <wbeckman@terpmail.umd.edu>
Vibhaalakshmi Sivaraman <vibhaa@princeton.edu>
Frank Jiang <ffjiang@princeton.edu>
Kiril Filipov <kfilipov@umass.edu>
Jared Smith <jared.rit@gmail.com>
Shine Xian Wang <shinewang@live.ca>
Ruth Grace Wong <rwong233@uwo.ca>
Azim Shaik <ashaik1@kent.edu>
Rohan Sawhney <rs3202@columbia.edu>
John Gabriel Diaz-Barriga <Gabedb@me.com>
Esther Wang <estherw@andrew.cmu.edu>
Arman Thomas Afghani <armanafghani@ucla.edu>
Max Chern <maxchern@ucla.edu>
Karthik Munugala <munugala@umich.edu>
Jacqueline Salwa <Jackiesalwa@aol.com>
Eric Li <eyli@princeton.edu>
Tony Jin <tzjin@princeton.edu>
Madeleine Emma Clayton <mec2@princeton.edu>
Thomas Beauchemin <tab4@princeton.edu>
Joseph Milla <jjtmilla@gmail.com>
Nagy Hakim <nagy.hakim@students.olin.edu>
Shaan Sharma <shaansharma117@gmail.com>
Cissy Chen <cissyc@princeton.edu>
Aditya Trivedi <aht@princeton.edu>
Timothy Gaweco <tim.gaweco@gmail.com>
Xixi Lu <xlu2@wellesley.edu>
Stefan T Cepko <cepko.s@husky.neu.edu>
Melissa Thai <thaimp@rose-hulman.edu>
Beatrice Surui Liang <beatricesliang@gmail.com>
Itrat Ahmed Akhter <iaakhter@colby.edu>
Stephen Eick <seick@wisc.edu>
Rich Gerdes <richgerdes21@gmail.com>
Zachary M Jablons <zmjjmz@gmail.com>
Florian S. Gross <Florian.S.Gross@web.de>
Conner Fritz <conner.fritz@hotmail.com>
Vu Bui <buidinhvu@gmail.com>
John Charles Crespi <jccrespi@wpi.edu>
Jacob Stewart Torrey <torrey.jake@gmail.com>
Brian William Gardner <bwgardner@wpi.edu>
Julian Jesus de Leon <j.deleon6@umiami.edu>
Jacqueline Pan <jacpan1120@gmail.com>
Jason Chen <Jason95014@gmail.com>
Chelsea Kwong <chelseakct@gmail.com>
Justin Peng Chen <jpchen@andrew.cmu.edu>
Moncef Nail Boudjani <moncefmd@hotmail.com>
Mehdi Belaid <mebsyt@gmail.com>
El Houcine Boudoukha <elhoucine.boudoukha@gmail.com>
messaoud fazil <messaoud.fazil@gmail.com>
Yi Qin <qin23@purdue.edu>
Michael Mernagh <mernagh.1@osu.edu>
Sumer Goel <sumergoel1310@gmail.com>
Arielle B Chapin <arielle_chapin@brown.edu>
Conan Ke-nan Zhang <conan.zhang@utah.edu>
Michael Zhao <mz84092@gmail.com>
Oliver Richardson <orichardson95@gmail.com>
Dietrich Alexander Geisler <dgeisler50@gmail.com>
Samir Undavia <samir1@brandeis.edu>
Galen Marchetti <gjm97@cornell.edu>
Mary Gansallo <mgansall@terpmail.umd.edu>
Harry Stern <hcs@meow.sh>
Alexander Wang <alexanderw@berkeley.edu>
Amanda Charmaine Eng <aeng@andrew.cmu.edu>
Edward Poon <edwardpo@Buffalo.edu>
Eden Shapiro <eshapiro@brandeis.edu>
Jonathan Edward <jon.edward@gmail.com>
Michael Young <michaelyoung1995@gmail.com>
Iris Wang <irisw2822@gmail.com>
Adam <ihatewhitespace@gmail.com>
shahmeer navid <shahmeernavid@gmail.com>
YINGNI LI <yrl0001@auburn.edu>
Pranav Maddi <pranav.maddi@yale.edu>
shubham agarwal <sagarwl4@illinois.edu>
Phillip Hodgson <phillipghodgson@gmail.com>
Zeeshan Pirzada <pirzadaza@gmail.com>
Sai Puneeth Uttla <2015suttla@tjhsst.edu>
Manjur Ahmed <mahmed12@terpmail.umd.edu>
John Osmond <josmond@comcast.net>
Alexander Hsu <awhsu2@illinois.edu>
Jimmy Zidan Guo <j63guo@uwaterloo.ca>
Sean James Han <seanhan94@gmail.com>
Harry Sivasubramaniam <hsivasub@uwaterloo.ca>
Matthew Yang <matthewyang92@gmail.com>
He Li <business.he.li@gmail.com>
Sukhyun Jung <Sukhyun_jung@brown.edu>
Ayesha Krishnamurthy <ayesha.kri@hotmail.com>
Vincent Yao <vincentyao95@gmail.com>
Taras Kolomatski <tkolomat@uwaterloo.ca>
Jisha Kambo <jk2228@cornell.edu>
Caleb Lewis <clewis57@student.gsu.edu>
Rachel Hallie Lomax <rachel.lomax@bison.howard.edu>
Nikolas Lazaris <nikolazaris@utexas.edu>
Ronak Shaileshkumar Patel <patel15i@uwindsor.ca>
Soham Patel <srpatel140@gmail.com>
Naisargi Desai <desai112@uwindsor.ca>
Scott Goldwater <scottgoldwater@gmail.com>
Joshua Whatley <jjwhatley@hotmail.com>
Ramez Debbas <r_debba@live.concordia.ca>
Caleb An <caleb.an@dartmouth.edu>
Xinran Xiao <xinran.xiao.15@dartmouth.edu>
Melwyn Pak Yong Ho <melwyn_pak@brown.edu>
Omar Sakher <ohsakher@uwaterloo.ca>
Ramkesh Renganathan <ramkeshr@terpmail.umd.edu>
Hansen Chang <hansenc@berkeley.edu>
Jeffrey David Gensler <jgensl2@uic.edu>
Abdullah Khan <khan90@purdue.edu>
Daniel Joseph Hopper <djhopper@uwaterloo.ca>
Stephen Cognetta <sycognetta@gmail.com>
Stefan Dasbach <sdasbach@andrew.cmu.edu>
Dhiraj Bodicherla <dbodiche@purdue.edu>
Ethan Roseman <ethteck@brandeis.edu>
Shivam Gupta <sgupta72@illinois.edu>
Yash Agrawal <yagrawl2@illinois.edu>
Harshit Kumar <hkumar5@illinois.edu>
Zhuohao Ling <zling@wpi.edu>
Janine Abuyuan <janine.abuyuan@gmail.com>
Jin Bing Lin <jinbingl@andrew.cmu.edu>
Udgeetha Mallampalli <umallamp@andrew.cmu.edu>
alekhya <ajonnala@andrew.cmu.edu>
Kit Sum Tse <kitsumtse@gmail.com>
Lucy Guo <lguo@andrew.cmu.edu>
Jeffrey Zhang <jczhang@andrew.cmu.edu>
Niveditha Jayasekar <jnive05@gmail.com>
Stephen Greco <sgreco94@gmail.com>
Avi Romanoff <aviromanoff@gmail.com>
Yulun Wu <yulunwu2013@u.northwestern.edu>
Regynald Augustin <Raugustin95@gmail.com>
Julian Ozen <julian.ozen@wustl.edu>
Michael Bock <mykel.bock@gmail.com>
Hiroki Osame <hirokio@bu.edu>
Roman Zubenko <romanz@bu.edu>
Steven C Connors <scconnor@andrew.cmu.edu>
Giorgi Tkeshelashvili <gtkesh@gatech.edu>
Nicholas John Grippo <grippn@rpi.edu>
Weiyanli Chen <york.chen.hz@hotmail.com>
Daniel McClanahan <danieldmcclanahan@gmail.com>
Anna Yesypenko <ay256@cornell.edu>
Brian Chien <chien8@illinois.edu>
Sujan Shrestha <sshrest37@gmail.com>
Cosmas Sibindi <cosmassibindi@gmail.com>
Test <test1337@mt2014.com>
Hao Wu <adipembuddha@gmail.com>
Matthijs Taselaar <mtasela1@jhu.edu>
Yuanhua Cheng <yuanhuac91@gmail.com>
Dhruv Kaushal <dkaushal@ucsd.edu>
Adel Qalieh <adelq@seas.upenn.edu>
Hannia Zia <hannia.zia@yale.edu>
Charly Mario Walther <charly.walther@yale.edu>
Hengchu Zhang <hengchu.zhang+hackmit@gmail.com>
Pranav Sharma <pranavjsharma@gmail.com>
Marco Antonio Mosri Jr. <markm01234@gmail.com>
Neville E Jos <njos2@illinois.edu>
Bubacarr Jallow <bjallow1@gmail.com>
Douglas Adam Smith <dsmith2@wpi.edu>
Avijeet Sachdev <a@avijeets.com>
ZILI ZHANG <zi.l.zhang@mail.mcgill.ca>
Isaku Kamada <isaku_kamada@brown.edu>
Steve Noonan <sanoonan@wisc.edu>
Mahyar Ebadi <Mebadifa@ucsd.edu>
Janelle Hinds <janellehindsincorp@gmail.com>
Wesley Yao <whyao@ucsd.edu>
Evan Daniel Walsh <evanw@purdue.edu>
Amna Aftab <aftab23a@mtholyoke.edu>
Marc-Andre Cataford <marc-andre.cataford@mail.mcgill.ca>
Russell Andrew Doctor <doctorr@purdue.edu>
Asaph Yuan <asaphy@bu.edu>
Ivan Uvarov <uvarovis@bu.edu>
Daniel Alexander Guzman <animus@uga.edu>
Zariyan Sachedina <zariyan@utexas.edu>
Peter Yanbo Li <tyuo9980@gmail.com>
James Gissendaner Jr <jtgiss01@louisville.edu>
David Jokinen <d0joki01@louisville.edu>
Kevin Scheer <scheer2@illinois.edu>
Dinesh Gajwani <dgajwani@purdue.edu>
Andrew Kogler <andrew.kogler@utexas.edu>
Karan Shah <karanprime@gatech.edu>
Minh Le <iM1nh27@gmail.com>
Christopher Gullo <cvg3290@rit.edu>
Audasia Ho <audasiah@andrew.cmu.edu>
Grace Zhang <z.zhang.grace@gmail.com>
Isam Sinokrot <isams123@tamu.edu>
Akshay Dixit <akshaydixi@gmail.com>
Nadeem Rehman Malik <nadeem244@gmail.com>
Clara Wu <s.clara.wu@gmail.com>
Changling Huang <linh.chaang@gmail.com>
Kelwen Peng <kpeng@college.harvard.edu>
Shao-Ping Lee <simon911011@gmail.com>
Zuhayeer Musa <zuhaz3@gmail.com>
Tyler Flowers <tylerflowers@me.com>
Gideon Wulfsohn <gideon.wulfsohn@tufts.edu>
Athyuttam Reddy Eleti <athyuttamre@gmail.com>
Krishna Chaitanya Aluru <krishna_aluru@brown.edu>
Mitchell Skiles <mskiles17@amherst.edu>
Phil Eaton <peaton@haverford.edu>
Jungi Kim <jungikim@sas.upenn.edu>
Mervyn Arnold-Lyons <amerv@sas.upenn.edu>
dustin alexander krause <dakrause@purdue.edu>
Dylan Hurd <Drhurd@umich.edu>
Ojas Mhetar <ojmhetar@vt.edu>
John Welsh <jbmy13@gmail.com>
Richard Li <lichard49@gatech.edu>
Eustace Bagge <eustacebagge@sharklasers.com>
Veeral Patel <veeeralp@gmail.com>
Sunny Mistry <sunnymis@buffalo.edu>
Aaron Zilun Wong <aaronwong13@gmail.com>
Clark Cone <ccone81@msn.com>
Charles Owen Goddard <chargoddard@gmail.com>
Nischay Mohan Bodapati <nischay.bodapati@mail.utoronto.ca>
Robert Timm <bajabob.tx@gmail.com>
Torry Yang <ty5kj@virginia.edu>
Alexander Thomas Ryan <alexryan@caltech.edu>
Kelvin Zelt <kelvinzelt@gmail.com>
Justin Postlewaite <jpostlewaite@me.com>
Chad Myles <chad.myles@tufts.edu>
Bilawal Hameed <bilawal@studenthack.com>
Manuel Jake Lopez <mjl288@scarletmail.rutgers.edu>
XiuYuan Zhang <Ryanxyzhang@gmail.com>
Jonathan Victor Jemson <jonathanjemson@gatech.edu>
Aldo Alexis Mendez <Mr.mendez94@live.com>
Ravindu Udugampola <ravindu365@gmail.com>
Jacqueline Monique Ali Cordoba <alicordoba.j@husky.neu.edu>
Ophir Lifshitz <hangfromthefloor@gmail.com>
Cesar Guerrero <xcesarguerrero@gmail.com>
Niranjan Padmanabhan <niranjan.padmanabhan@mail.mcgill.ca>
Laura Lim  <laura_lim125@berkeley.edu>
Sergey Plisov <splisov@terpmail.umd.edu>
Samuel Jacob Russell <samueljr@princeton.edu>
Anand Khare <anand.khare3@gmail.com>
Seshasayan Ekambarapu <sayanekambarapu@gmail.com>
Feridun Mert Celebi <feridun.celebi@yale.edu>
Severyn Kozak <severyn.kozak@gmail.com>
Felix Lee <felix.lee135@gmail.com>
Mathew Connor Jennings <mathew.percussion@gmail.com>
Mark LaPointe <mnl38@cornell.edu>
Michael Vander Meiden <m.vandermeiden@umiami.edu>
Victoria Leigh Schein <vschein@smith.edu>
Kevin Luke Marsh <k.marsh7@umiami.edu>
Megan Lee <m.lee31@umiami.edu>
Dennis S. Sell III <selld@seas.upenn.edu>
Alfred Xue <axue@stanford.edu>
Kasif Gilbert <kasif@umass.edu>
Ahmed T. Khalil <kal17da@gmail.com>
Konstantin Itskov <koi2104@columbia.edu>
Nicholas Alexander Jackson <naj273@nyu.edu>
Shantanu Bala <shantanu@asu.edu>
Sylvia Barnai <sbarnai@yahoo.com>
Michael winters Silverblatt  <Msilverblatt@gmail.com>
Samuel Franklin Pepose <samuel.f.pepose@vanderbilt.edu>
Karl Shiffler <Shiffler@bu.edu>
Kyle Lanes Holzinger <kylelholzinger@gmail.com>
Susannah Church <sjchurch18@gmail.com>
Luke Loreti <lhloreti@gmail.com>
Luke Alexander Willson <lukeawillson@gmail.com>
Alexandru Nedelcu <ian26@drexel.edu>
Walker Evan Casey <evan.casey92@gmail.com>
Sorin Constantin Vatasoiu II <sorin_vatasoiu@brown.edu>
Abhiram Krishnan <Abhiram@umich.edu>
Aidan Stuart Malone <a_s_malone@hotmail.com>
Ming-Ying Chung <mc3808@columbia.edu>
Alexander Lin <alexanderlin@college.harvard.edu>
James Shaffer <jdshaffer93@gmail.com>
James Adler <adlerj3@rpi.edu>
Rafael Moreno Cesar <rmoreno.cesar@gmail.com>
Anthony Iacobelli <iacobeaj@mail.uc.edu>
Kacey Coughlin <kaceycoughlin@mac.com>
Elizabeth Sanz <esanz91@gmail.com>
Samuel Sussman <samuel.sussman@yale.edu>
Anthony Lowhur <antlowhur@yahoo.com>
Danish Shaik <shaik.danish97@gmail.com>
Viveca Morris <viveca.morris@yale.edu>
Haoyue Zhang <jayzhang929@gmail.com>
Randi Williams <fw48771@umbc.edu>
Cyrus Cousins <cyrus.cousins@tufts.edu>
Carly Schneider <cschnei3@binghamton.edu>
Chu-Hao Fan <chu-hao.fan@students.olin.edu>
Brendan Caporaletti <brendan.caporaletti@students.olin.edu>
Evan Stoddard <evanstod@umich.edu>
Connor Toohey <cmtoohey@umich.edu>
Joonhyung Ahn <jahn45@illinois.edu>
Henry Xiang <henry.xiang@rutgers.edu>
Khanh Ho <vietchamp@hotmail.com>
Casey Hanley <chanley1@nd.edu>
Rohan Mathur <rmathur2@illinois.edu>
Lydia Auch <auch.l@husky.neu.edu>
Mohammed Bilal Akhtar <mbakhtar@uwaterloo.ca>
Michael Ho <michael.ho@mail.mcgill.ca>
Che-Yuan Liu <charlesliu.2012@gmail.com>
Sidney Ng <sidney.ng@mail.mcgill.ca>
Fan Ma <fan_ma8@hotmail.com>
Elisabeth Sulmont <esulmont@gmail.com>
Meghana Rau-Murthy <mraumurt@andrew.cmu.edu>
John Yannou <yannoj2@rpi.edu>
Siddharth Singal <ssingal05@gmail.com>
Annie Chu <anyuanc@princeton.edu>
Duy Viet Nguyen <james.nguyen.0926@gmail.com>
Aswin Sivaraman <aswin.sivaraman@gmail.com>
Edward Yang <e2yang@uwaterloo.ca>
Benjamin Mizera <bluekkid@gmail.com>
Robert Wild <wildr2@rpi.edu>
Yen-chieh Huang <yhuang384@gatech.edu>
Rafael Nunes Blanes <rafablanes@gatech.edu>
Mehran Jahedi <mehranjahedi@gmail.com>
Joshua Nowak <joshua_nowak@berkeley.edu>
Max Greenwald <maxpg@princeton.edu>
Patrick McQuay <pmcquay@terpmail.umd.edu>
Hongyu Chen <hongyu.chen.15@dartmouth.edu>
Seung Wan Yoon <yoons@seas.upenn.edu>
Hekai Yue <hyue@cmu.edu>
Yash Aggarwal <yash0609@gmail.com>
Anish Dhar <anishdhar@gmail.com>
Amy Shu <awshu@berkeley.edu>
Rajat R Shah <rajat.r.shah@gmail.com>
Aishwarya Prem Renu <apremren@andrew.cmu.edu>
Karthic Palaniappan  <kapalani@andrew.cmu.edu>
Junning Zhu <cantozhu@gmail.com>
Qiuyi Jia <qiuyij@andrew.cmu.edu>
Daniel Duan <danielduan88@yahoo.com>
Hai Quang Nguyen <haiqnguyen318@gmail.com>
Asavari Tayal <tayal1asavari@gmail.com>
Marco Flores <mfloresrodriguez@berklee.edu>
Jordan H Shamir <jshamir1@babson.edu>
Jake <jake.d.schmitz@gmail.com>
Angad Mehrotra <mehr1064@kettering.edu>
Kai Domian Austin <kai.austin@students.olin.edu>
Andres J Ruiz Torres <andresruiz2010@gmail.com>
Amro Gazlan <amro.gazlan@mail.mcgill.ca>
Zhaonan Guo <zyg5058@psu.edu>
Roy Y Joo <royjoo@buffalo.edu>
Aaron Shah <ashah@berklee.edu>
Amiel Kollek <amiel.kollek@mail.mcgill.ca>
Eric Chen <eric.t.chen.17@dartmouth.edu>
Parker Riley <prkriley@gmail.com>
Brook Nichols <brookelfnichols@gmail.com>
Evin Ugur  <evinoog96@gmail.com>
Spencer McCullough <swm5565@psu.edu>
Edric Tam <etam2@jhu.edu>
Matthew Smith <matt.ja.smith@gmail.com>
Irem Oz <iremoz77@gmail.com>
Sina Taghizadehmoghadam <sina.taghiz@gmail.com>
Jacquelyn Loven <jl2742@cornell.edu>
Stanislaw Swidwinski <stanislaw.swidwinski@yale.edu>
Trushitha Narla <trushithanarla@gmail.com>
Saleh ElHattab <saelhatt@indiana.edu>
Alaa Ayach <aayach@hawk.iit.edu>
Gaurav Pasari <pasarigaurav@gmail.com>
Nilay B. Patel <npatel11@umbc.edu>
Kevin Choi <kjchoi@bu.edu>
Joseph Howard Rowley <jrowley@UCSC.EDU>
Vijay Sadashivaiah <vijay_s@mit.edu>
Nicolas Cloutier <nicolas.cloutier@polymtl.ca>
Benjamin Brodeur Mathieu <benjaminbrodeur@gmail.com>
Julien Aymong <julien.aymong@gmail.com>
Antoine Busque <antoinebusque@gmail.com>
Kevin Tian <kt493@georgetown.edu>
Andrew Hian-Cheong <anhiancheong@gmail.com>
Janet Zhu <jjz9@georgetown.edu>
Jordan King <jwk67@georgetown.edu>
Joseph Socarras <j.socarras@umiami.edu>
Daniel Keyes <danieljkeyes@gmail.com>
Yash Goel <yashg2405@gmail.com>
Julio C. Valdes Valderrama <julio.valdes@upr.edu>
Anurag Banerjee <anuragb2010@gmail.com>
Andrew Moore Hunt <amhunt@princeton.edu>
Tri Huy Minh Phan <triphan2204@gmail.com>
Aaron Traylor <attraylor@gmail.com>
jefferson luu <datasource1337@att.net>
Bryant Peng <bryantpeng@utexas.edu>
Shengyang Zhong <shengyang.zhong@utexas.edu>
Michael Borsellino <michaelborsellino@gmail.com>
Suhong Jin <suhongjin@u.northwestern.edu>
Aaron Kawer <aaronkawer@gmail.com>
Sahir Jaggi <sj2613@columbia.edu>
Johan Sebastian Ospina Buitrago <johanos@bu.edu>
Mukund Tibrewala <mukundt@cmu.edu>
Nitin Raghu <nraghu@terpmail.umd.edu>
Samer Masterson <smasters@gmu.edu>
Justice Suh <justice.suh@gmail.com>
Marcus Yearwood <m.yearwood@live.com>
Sunny Y Duan <syduan2@illinois.edu>
Mohammad Saad <saad4@illinois.edu>
Rufei Zhou <rzhou8@illinois.edu>
James Jia <jjia3@illinois.edu>
Brandon Ip <Chupalika@gmail.com>
Michael James Schnaitter  <schnaitterm@knights.ucf.edu>
Aahan Sawhney <aahan96@hotmail.com>
Akshay Khanna <yahska111@gmail.com>
Peter Elias Kraft <pkraft@college.harvard.edu>
Stanley Zheng <szhen002@odu.edu>
Prem Nair <pnair@princeton.edu>
Ram Hari Dahal <ramhari.dahal1@gmail.com>
Ray Qian <rqian@college.harvard.edu>
Nikhil Dev Deshmudre <Nikhild@gatech.edu>
Joel Cheverie <joel.cheverie@mail.mcgill.ca>
Karl Ribble <klribble1s@semo.edu>
Andrew Ng <ajng@princeton.edu>
Brian Su <bsu@berkeley.edu>
Cem Koc <cemkoc95@gmail.com>
Can Koc <cankoc@berkeley.edu>
Yongjian Si  <si.yongjian@gmail.com>
Katherine Lynn Hutchinson <klhutch@ccs.neu.edu>
Siddharth G Reddy <sgr45@cornell.edu>
Ray Li <rayli1234567890@gmail.com>
Zachary Marshall Young <zyoung14@gmail.com>
Spencer James Elliott <me@elliottsj.com>
Eugene Yue-Hin Cheung <ey.cheung@outlook.com>
Josh Pearlstein <jpear@seas.upenn.edu>
Peter Bryan <peterbbryan@gmail.com>
Jeffrey Tao <jat2164@columbia.edu>
Maxwell Huang-Hobbs <mhuan13@gmail.com>
Griffin Brodman <gb282@cornell.edu>
Arya Boudaie <aboudaie@brandeis.edu>
Miraziz Yusupov <miraziz@vt.edu>
